<?xml version='1.0' encoding='utf-8'?>

<!--  WorkSpace Meta Data for Event Infrastructure  -->

<metadata>
       <metadata-name>EventInfrastructure</metadata-name>
       <contexts>
              <context>
                     <context-name>cells</context-name>
                     <child-document-names>
                            <child-document-name>Resources-CEI</child-document-name>
                     </child-document-names>
              </context>
              <context>
                     <context-name>nodes</context-name>
                     <child-document-names>
                            <child-document-name>Resources-CEI</child-document-name>
                     </child-document-names>
              </context>
              <context>
                     <context-name>servers</context-name>
                     <child-document-names>
                            <child-document-name>Server-CEI</child-document-name>
                            <child-document-name>Resources-CEI</child-document-name>
                     </child-document-names>
              </context>
       </contexts>
       <documents>
              <document>
                     <document-name>Resources-CEI</document-name>
                     <file-pattern>resources-cei.xml</file-pattern>
                     <root-refobject-types>
                            <root-refobject-type>EventInfrastructureProvider</root-refobject-type>
                     </root-refobject-types>
                     <child-validator-names>
                            <child-validator-name>CEI Resources Base</child-validator-name>
                            <child-validator-name>CEI Resources Cross</child-validator-name>
                     </child-validator-names>
              </document>
              <document>
                     <document-name>Server-CEI</document-name>
                     <file-pattern>server-cei.xml</file-pattern>
                     <root-refobject-types>
                            <root-refobject-type>EventInfrastructureService</root-refobject-type>
                     </root-refobject-types>
                     <child-validator-names>
                            <child-validator-name>CEI Server Base</child-validator-name>
                            <child-validator-name>CEI Server Cross</child-validator-name>
                     </child-validator-names>
              </document>
       </documents>
       <validators>
              <validator>
                     <validator-name>CEI Resources Base</validator-name>
                     <validator-class-name>com.ibm.websphere.validation.cei.config.CEIResourcesValidator</validator-class-name>
                     <validator-description>CEI Resources Base</validator-description>
                     <cross-document>false</cross-document>
              </validator>
              <validator>
                     <validator-name>CEI Resources Cross</validator-name>
                     <validator-class-name>com.ibm.websphere.validation.cei.config.CEIResourcesCrossValidator</validator-class-name>
                     <validator-description>CEI Resources Cross</validator-description>
                     <cross-document>true</cross-document>
              </validator>
              <validator>
                     <validator-name>CEI Server Base</validator-name>
                     <validator-class-name>com.ibm.websphere.validation.cei.config.CEIServerValidator</validator-class-name>
                     <validator-description>CEI Server Base</validator-description>
                     <cross-document>false</cross-document>
              </validator>
              <validator>
                     <validator-name>CEI Server Cross</validator-name>
                     <validator-class-name>com.ibm.websphere.validation.cei.config.CEIServerCrossValidator</validator-class-name>
                     <validator-description>CEI Server Cross</validator-description>
                     <cross-document>true</cross-document>
              </validator>
       </validators>
</metadata>

