<?xml version="1.0" encoding="UTF-8" standalone="yes"?>
<wsp:Policy
    xmlns:wsjms="http://www.ibm.com/xmlns/prod/websphere/200801/ws-jmsTransport"
    xmlns:wsp="http://schemas.xmlsoap.org/ws/2004/09/policy">
    <!-- Do not edit this file. -->
    <wsp:ExactlyOne>
        <wsp:All>
            <wsjms:outRequestBasicAuth>
                <wsjms:basicAuth userid="" password=""></wsjms:basicAuth>
            </wsjms:outRequestBasicAuth>
            <wsjms:outAsyncResponseBasicAuth> 
                <wsjms:basicAuth userid="" password=""></wsjms:basicAuth>
            </wsjms:outAsyncResponseBasicAuth>
        </wsp:All>
    </wsp:ExactlyOne>
</wsp:Policy>


