<?xml version="1.0" encoding="UTF-8"?>
<appdeployment:Deployment xmi:version="2.0" xmlns:xmi="http://www.omg.org/XMI" xmlns:appcfg="http://www.ibm.com/websphere/appserver/schemas/5.0/appcfg.xmi" xmlns:appdeployment="http://www.ibm.com/websphere/appserver/schemas/5.0/appdeployment.xmi" xmi:id="Deployment_1162483845425">
  <deployedObject xmi:type="appdeployment:ApplicationDeployment" xmi:id="ApplicationDeployment_1162483845425" deploymentId="0" startingWeight="1" binariesURL="$(WAS_INSTALL_ROOT)/systemApps/isclite.ear" useMetadataFromBinaries="false" enableDistribution="false" createMBeansForResources="true" reloadEnabled="false" appContextIDForSecurity="href:AppServer01Cell/isclite" zeroEarCopy="true" filePermission=".*\.dll=755#.*\.so=755#.*\.a=755#.*\.sl=755" allowDispatchRemoteInclude="false" allowServiceRemoteInclude="false" asyncRequestDispatchType="DISABLED">
    <targetMappings xmi:id="DeploymentTargetMapping_1162483845425" enable="true" target="ServerTarget_1162483845425" config="ApplicationConfig_1162483845425"/>
    <configs xmi:type="appcfg:ApplicationConfig" xmi:id="ApplicationConfig_1162483845425">
      <sessionManagement xmi:id="SessionManager_1162483845425" enable="true" enableUrlRewriting="false" enableCookies="true" enableSSLTracking="false" enableProtocolSwitchRewriting="false" sessionPersistenceMode="NONE" enableSecurityIntegration="false" allowSerializedSessionAccess="false" maxWaitTime="5" accessSessionOnTimeout="true">
        <defaultCookieSettings xmi:id="Cookie_1162483845426" domain="" maximumAge="-1" path="/ibm" secure="false"/>
        <sessionDatabasePersistence xmi:id="SessionDatabasePersistence_1162483845426" datasourceJNDIName="jdbc/Sessions" userId="db2admin" password="{xor}Oz1tPjsyNjE=" db2RowSize="ROW_SIZE_4KB" tableSpaceName=""/>
        <tuningParams xmi:id="TuningParams_1162483845426" usingMultiRowSchema="false" maxInMemorySessionCount="1000" allowOverflow="true" scheduleInvalidation="false" writeFrequency="TIME_BASED_WRITE" writeInterval="10" writeContents="ONLY_UPDATED_ATTRIBUTES" invalidationTimeout="30">
          <invalidationSchedule xmi:id="InvalidationSchedule_1162483845426" firstHour="14" secondHour="2"/>
        </tuningParams>
      </sessionManagement>
    </configs>
    <classloader xmi:id="Classloader_1162483845426" mode="PARENT_FIRST"/>
    <modules xmi:type="appdeployment:WebModuleDeployment" xmi:id="WebModuleDeployment_1162483845426" deploymentId="1" startingWeight="10000" uri="isclite.war" classloaderMode="PARENT_LAST">
      <targetMappings xmi:id="DeploymentTargetMapping_1162483845426" target="ServerTarget_1162483845425"/>
    </modules>
    <modules xmi:type="appdeployment:WebModuleDeployment" xmi:id="WebModuleDeployment_1162483845427" deploymentId="1" startingWeight="10000" uri="adminredirector.war">
      <targetMappings xmi:id="DeploymentTargetMapping_1162483845427" target="ServerTarget_1162483845425"/>
    </modules>
    <modules xmi:type="appdeployment:WebModuleDeployment" xmi:id="WebModuleDeployment_1162483845428" deploymentId="1" startingWeight="10000" uri="iehs.war" classloaderMode="PARENT_LAST">
      <targetMappings xmi:id="DeploymentTargetMapping_1162483845428" target="ServerTarget_1162483845425"/>
    </modules>
    <modules xmi:type="appdeployment:WebModuleDeployment" xmi:id="WebModuleDeployment_1162483845429" deploymentId="1" startingWeight="10000" uri="ISCAdminPortlet.war">
      <targetMappings xmi:id="DeploymentTargetMapping_1162483845429" target="ServerTarget_1162483845425"/>
    </modules>
    <modules xmi:type="appdeployment:WebModuleDeployment" xmi:id="WebModuleDeployment_1162483845430" deploymentId="1" startingWeight="10000" uri="WIMPortlet.war">
      <targetMappings xmi:id="DeploymentTargetMapping_1162483845430" target="ServerTarget_1162483845425"/>
    </modules>
    <modules xmi:type="appdeployment:WebModuleDeployment" xmi:id="WebModuleDeployment_1162483845431" deploymentId="1" startingWeight="10000" uri="wasportlet.war">
      <targetMappings xmi:id="DeploymentTargetMapping_1162483845431" target="ServerTarget_1162483845425"/>
    </modules>
    <properties xmi:id="Property_1162483871641" name="com.ibm.ws.classloader.sharedLibBypass" value="true" required="false"/>
    <properties xmi:id="Property_1213634141359" name="metadata.complete" value="true"/>
  </deployedObject>
  <deploymentTargets xmi:type="appdeployment:ServerTarget" xmi:id="ServerTarget_1162483845425" name="AppServer01" nodeName="AppServer01Node"/>
</appdeployment:Deployment>
