<?xml version="1.0" encoding="UTF-8"?>
<serverindex:ServerIndex xmi:version="2.0" xmlns:xmi="http://www.omg.org/XMI" xmlns:serverindex="http://www.ibm.com/websphere/appserver/schemas/5.0/serverindex.xmi" xmi:id="ServerIndex_1" hostName="TDL00691344.TDBFG.com">
  <serverEntries xmi:id="ServerEntry_1183121908093" serverName="AppServer01" serverType="APPLICATION_SERVER">
    <deployedApplications>isclite.ear/deployments/isclite</deployedApplications>
    <deployedApplications>ivtApp.ear/deployments/ivtApp</deployedApplications>
    <deployedApplications>query.ear/deployments/query</deployedApplications>
    <deployedApplications>ibmasyncrsp.ear/deployments/ibmasyncrsp</deployedApplications>
    <specialEndpoints xmi:id="NamedEndPoint_1183121908093" endPointName="BOOTSTRAP_ADDRESS">
      <endPoint xmi:id="EndPoint_1183121908093" host="TDL00691344.TDBFG.com" port="2809"/>
    </specialEndpoints>
    <specialEndpoints xmi:id="NamedEndPoint_1183121908094" endPointName="SOAP_CONNECTOR_ADDRESS">
      <endPoint xmi:id="EndPoint_1183121908094" host="TDL00691344.TDBFG.com" port="8880"/>
    </specialEndpoints>
    <specialEndpoints xmi:id="NamedEndPoint_1183121908095" endPointName="SAS_SSL_SERVERAUTH_LISTENER_ADDRESS">
      <endPoint xmi:id="EndPoint_1183121908095" host="TDL00691344.TDBFG.com" port="9401"/>
    </specialEndpoints>
    <specialEndpoints xmi:id="NamedEndPoint_1183121908096" endPointName="CSIV2_SSL_SERVERAUTH_LISTENER_ADDRESS">
      <endPoint xmi:id="EndPoint_1183121908096" host="TDL00691344.TDBFG.com" port="9403"/>
    </specialEndpoints>
    <specialEndpoints xmi:id="NamedEndPoint_1183121908097" endPointName="CSIV2_SSL_MUTUALAUTH_LISTENER_ADDRESS">
      <endPoint xmi:id="EndPoint_1183121908097" host="TDL00691344.TDBFG.com" port="9402"/>
    </specialEndpoints>
    <specialEndpoints xmi:id="NamedEndPoint_1183121908098" endPointName="WC_adminhost">
      <endPoint xmi:id="EndPoint_1183121908098" host="*" port="9060"/>
    </specialEndpoints>
    <specialEndpoints xmi:id="NamedEndPoint_1183121908099" endPointName="WC_defaulthost">
      <endPoint xmi:id="EndPoint_1183121908099" host="*" port="9080"/>
    </specialEndpoints>
    <specialEndpoints xmi:id="NamedEndPoint_1183121908100" endPointName="DCS_UNICAST_ADDRESS">
      <endPoint xmi:id="EndPoint_1183121908100" host="*" port="9353"/>
    </specialEndpoints>
    <specialEndpoints xmi:id="NamedEndPoint_1183121908101" endPointName="WC_adminhost_secure">
      <endPoint xmi:id="EndPoint_1183121908101" host="*" port="9043"/>
    </specialEndpoints>
    <specialEndpoints xmi:id="NamedEndPoint_1183121908102" endPointName="WC_defaulthost_secure">
      <endPoint xmi:id="EndPoint_1183121908102" host="*" port="9443"/>
    </specialEndpoints>
    <specialEndpoints xmi:id="NamedEndPoint_1183121908103" endPointName="ORB_LISTENER_ADDRESS">
      <endPoint xmi:id="EndPoint_1183121908103" host="TDL00691344.TDBFG.com" port="9100"/>
    </specialEndpoints>
    <specialEndpoints xmi:id="NamedEndPoint_1183121908104" endPointName="SIP_DEFAULTHOST">
      <endPoint xmi:id="EndPoint_1183121908104" host="*" port="5060"/>
    </specialEndpoints>
    <specialEndpoints xmi:id="NamedEndPoint_1183121908105" endPointName="SIP_DEFAULTHOST_SECURE">
      <endPoint xmi:id="EndPoint_1183121908105" host="*" port="5061"/>
    </specialEndpoints>
    <specialEndpoints xmi:id="NamedEndPoint_1183121908106" endPointName="SIB_ENDPOINT_ADDRESS">
      <endPoint xmi:id="EndPoint_1425241360086" host="*" port="7276"/>
    </specialEndpoints>
    <specialEndpoints xmi:id="NamedEndPoint_1183121908107" endPointName="SIB_ENDPOINT_SECURE_ADDRESS">
      <endPoint xmi:id="EndPoint_1425241360091" host="*" port="7286"/>
    </specialEndpoints>
    <specialEndpoints xmi:id="NamedEndPoint_1183121908108" endPointName="SIB_MQ_ENDPOINT_ADDRESS">
      <endPoint xmi:id="EndPoint_1425241360095" host="*" port="5558"/>
    </specialEndpoints>
    <specialEndpoints xmi:id="NamedEndPoint_1183121908109" endPointName="SIB_MQ_ENDPOINT_SECURE_ADDRESS">
      <endPoint xmi:id="EndPoint_1425241360098" host="*" port="5578"/>
    </specialEndpoints>
    <specialEndpoints xmi:id="NamedEndPoint_1183121908110" endPointName="IPC_CONNECTOR_ADDRESS">
      <endPoint xmi:id="EndPoint_1183121908110" host="${LOCALHOST_NAME}" port="9633"/>
    </specialEndpoints>
  </serverEntries>
</serverindex:ServerIndex>
