<?xml version="1.0" encoding="UTF-8"?>
<appdeployment:Deployment xmi:version="2.0" xmlns:xmi="http://www.omg.org/XMI" xmlns:appdeployment="http://www.ibm.com/websphere/appserver/schemas/5.0/appdeployment.xmi" xmi:id="Deployment_1183122155437">
  <deployedObject xmi:type="appdeployment:ApplicationDeployment" xmi:id="ApplicationDeployment_1183122155437" deploymentId="0" startingWeight="1" binariesURL="$(APP_INSTALL_ROOT)/$(CELL)/ivtApp.ear" useMetadataFromBinaries="false" enableDistribution="true" createMBeansForResources="false" reloadEnabled="false" appContextIDForSecurity="href:AppServer01Cell/ivtApp" filePermission=".*\.dll=755#.*\.so=755#.*\.a=755#.*\.sl=755" allowDispatchRemoteInclude="false" allowServiceRemoteInclude="false" asyncRequestDispatchType="DISABLED">
    <targetMappings xmi:id="DeploymentTargetMapping_1183122155437" enable="true" target="ServerTarget_1183122155437"/>
    <classloader xmi:id="Classloader_1183122155437" mode="PARENT_FIRST"/>
    <modules xmi:type="appdeployment:WebModuleDeployment" xmi:id="WebModuleDeployment_1183122155437" deploymentId="1" startingWeight="10000" uri="ivt_app.war">
      <targetMappings xmi:id="DeploymentTargetMapping_1183122155438" target="ServerTarget_1183122155437"/>
      <classloader xmi:id="Classloader_1183122155438"/>
    </modules>
    <modules xmi:type="appdeployment:EJBModuleDeployment" xmi:id="EJBModuleDeployment_1183122155437" deploymentId="1" startingWeight="5000" uri="ivtEJB.jar">
      <targetMappings xmi:id="DeploymentTargetMapping_1183122155439" target="ServerTarget_1183122155437"/>
    </modules>
    <properties xmi:id="Property_1213634104953" name="metadata.complete" value="true"/>
  </deployedObject>
  <deploymentTargets xmi:type="appdeployment:ServerTarget" xmi:id="ServerTarget_1183122155437" name="AppServer01" nodeName="AppServer01Node"/>
</appdeployment:Deployment>
