<?xml version="1.0" encoding="UTF-8"?>
<appdeployment:Deployment xmi:version="2.0" xmlns:xmi="http://www.omg.org/XMI" xmlns:appdeployment="http://www.ibm.com/websphere/appserver/schemas/5.0/appdeployment.xmi" xmi:id="Deployment_1185820123453">
  <deployedObject xmi:type="appdeployment:ApplicationDeployment" xmi:id="ApplicationDeployment_1185820123453" deploymentId="0" startingWeight="1" binariesURL="$(WAS_INSTALL_ROOT)/systemApps/ibmARS.ear" useMetadataFromBinaries="false" enableDistribution="false" createMBeansForResources="true" reloadEnabled="false" appContextIDForSecurity="href:AppServer01Cell/ibmasyncrsp" zeroEarCopy="true" filePermission=".*\.dll=755#.*\.so=755#.*\.a=755#.*\.sl=755" allowDispatchRemoteInclude="false" allowServiceRemoteInclude="false" asyncRequestDispatchType="DISABLED">
    <targetMappings xmi:id="DeploymentTargetMapping_1185820123453" enable="true" target="ServerTarget_1185820123453"/>
    <classloader xmi:id="Classloader_1185820123453" mode="PARENT_FIRST"/>
    <modules xmi:type="appdeployment:WebModuleDeployment" xmi:id="WebModuleDeployment_1185820123453" deploymentId="1" startingWeight="10000" uri="ibmasyncrsp.war">
      <targetMappings xmi:id="DeploymentTargetMapping_1185820123454" target="ServerTarget_1185820123453"/>
      <classloader xmi:id="Classloader_1185820123454"/>
    </modules>
    <properties xmi:id="Property_1213634145046" name="metadata.complete" value="true"/>
  </deployedObject>
  <deploymentTargets xmi:type="appdeployment:ServerTarget" xmi:id="ServerTarget_1185820123453" name="AppServer01" nodeName="AppServer01Node"/>
</appdeployment:Deployment>
