<?xml version="1.0" encoding="UTF-8"?>
<appdeployment:Deployment xmi:version="2.0" xmlns:xmi="http://www.omg.org/XMI" xmlns:appdeployment="http://www.ibm.com/websphere/appserver/schemas/5.0/appdeployment.xmi" xmi:id="Deployment_1183122157718">
  <deployedObject xmi:type="appdeployment:ApplicationDeployment" xmi:id="ApplicationDeployment_1183122157718" deploymentId="0" startingWeight="1" binariesURL="$(APP_INSTALL_ROOT)/$(CELL)/query.ear" useMetadataFromBinaries="false" enableDistribution="true" createMBeansForResources="false" reloadEnabled="false" appContextIDForSecurity="href:AppServer01Cell/query" filePermission=".*\.dll=755#.*\.so=755#.*\.a=755#.*\.sl=755" allowDispatchRemoteInclude="false" allowServiceRemoteInclude="false" asyncRequestDispatchType="DISABLED">
    <targetMappings xmi:id="DeploymentTargetMapping_1183122157718" enable="true" target="ServerTarget_1183122157718"/>
    <classloader xmi:id="Classloader_1183122157718" mode="PARENT_FIRST"/>
    <modules xmi:type="appdeployment:EJBModuleDeployment" xmi:id="EJBModuleDeployment_1183122157718" deploymentId="1" startingWeight="5000" uri="querybean.jar">
      <targetMappings xmi:id="DeploymentTargetMapping_1183122157719" target="ServerTarget_1183122157718"/>
    </modules>
    <properties xmi:id="Property_1213634096609" name="metadata.complete" value="true"/>
  </deployedObject>
  <deploymentTargets xmi:type="appdeployment:ServerTarget" xmi:id="ServerTarget_1183122157718" name="AppServer01" nodeName="AppServer01Node"/>
</appdeployment:Deployment>
