<?xml version="1.0" encoding="UTF-8"?>
<process:Server xmi:version="2.0" xmlns:xmi="http://www.omg.org/XMI" xmlns:adminservice="http://www.ibm.com/websphere/appserver/schemas/5.0/adminservice.xmi" xmlns:applicationserver="http://www.ibm.com/websphere/appserver/schemas/5.0/applicationserver.xmi" xmlns:applicationserver.ejbcontainer="http://www.ibm.com/websphere/appserver/schemas/5.0/applicationserver.ejbcontainer.xmi" xmlns:applicationserver.ejbcontainer.messagelistener="http://www.ibm.com/websphere/appserver/schemas/5.0/applicationserver.ejbcontainer.messagelistener.xmi" xmlns:applicationserver.sipcontainer="www.ibm.com/websphere/appserver/schemas/7.0/applicationserver.sipcontainer.xmi" xmlns:applicationserver.webcontainer="http://www.ibm.com/websphere/appserver/schemas/5.0/applicationserver.webcontainer.xmi" xmlns:channelservice="http://www.ibm.com/websphere/appserver/schemas/6.0/channelservice.xmi" xmlns:channelservice.channels="http://www.ibm.com/websphere/appserver/schemas/6.0/channelservice.channels.xmi" xmlns:coregroupbridgeservice="http://www.ibm.com/websphere/appserver/schemas/6.0/coregroupbridgeservice.xmi" xmlns:diagnosticproviderservice="http://www.ibm.com/websphere/appserver/schemas/5.0/diagnosticproviderservice.xmi" xmlns:loggingservice.http="http://www.ibm.com/websphere/appserver/schemas/6.0/loggingservice.http.xmi" xmlns:loggingservice.ras="http://www.ibm.com/websphere/appserver/schemas/5.0/loggingservice.ras.xmi" xmlns:namingserver="http://www.ibm.com/websphere/appserver/schemas/5.0/namingserver.xmi" xmlns:orb="http://www.ibm.com/websphere/appserver/schemas/5.0/orb.xmi" xmlns:pmiservice="http://www.ibm.com/websphere/appserver/schemas/5.0/pmiservice.xmi" xmlns:portletcontainer="http://www.ibm.com/websphere/appserver/schemas/6.0/portletcontainer.xmi" xmlns:process="http://www.ibm.com/websphere/appserver/schemas/5.0/process.xmi" xmlns:processexec="http://www.ibm.com/websphere/appserver/schemas/5.0/processexec.xmi" xmlns:sibresources="http://www.ibm.com/websphere/appserver/schemas/6.0/sibresources.xmi" xmlns:threadpoolmanager="http://www.ibm.com/websphere/appserver/schemas/6.0/threadpoolmanager.xmi" xmlns:tperfviewer="http://www.ibm.com/websphere/appserver/schemas/6.0/tperfviewer.xmi" xmlns:traceservice="http://www.ibm.com/websphere/appserver/schemas/5.0/traceservice.xmi" xmi:id="Server_1183121908656" name="AppServer01">
  <stateManagement xmi:id="StateManageable_1183121908656" initialState="START"/>
  <statisticsProvider xmi:id="StatisticsProvider_1183121908656" specification="com.ibm.orb=enabled"/>
  <services xmi:type="pmiservice:PMIService" xmi:id="PMIService_1183121908656" enable="false" initialSpecLevel="" statisticSet="basic" synchronizedUpdate="false"/>
  <services xmi:type="adminservice:AdminService" xmi:id="AdminService_1183121908656" enable="true" standalone="true" localAdminProtocol="IPCConnector_1" remoteAdminProtocol="SOAPConnector_1">
    <connectors xmi:type="adminservice:SOAPConnector" xmi:id="SOAPConnector_1" enable="true">
      <properties xmi:id="Property_3" name="sslConfig" value="AppServer01Node/DefaultSSLSettings"/>
      <properties xmi:id="Property_4" name="requestTimeout" value="600"/>
    </connectors>
    <connectors xmi:type="adminservice:RMIConnector" xmi:id="RMIConnector_1" enable="true"/>
    <connectors xmi:type="adminservice:JSR160RMIConnector" xmi:id="JSR160RMIConnector_1" enable="true"/>
    <connectors xmi:type="adminservice:IPCConnector" xmi:id="IPCConnector_1" enable="true">
      <properties xmi:id="Property_5" name="requestTimeout" value="600"/>
    </connectors>
    <configRepository xmi:id="RepositoryService_1183121908656"/>
    <pluginConfigService xmi:id="PluginConfigService_1183121908656" enable="true"/>
  </services>
  <services xmi:type="traceservice:TraceService" xmi:id="TraceService_1183121908656" enable="true" startupTraceSpecification="*=info" traceOutputType="SPECIFIED_FILE" traceFormat="BASIC" memoryBufferSize="8">
    <traceLog xmi:id="TraceLog_1183121908656" fileName="${SERVER_LOG_ROOT}/trace.log" rolloverSize="20" maxNumberOfBackupFiles="1"/>
  </services>
  <services xmi:type="diagnosticproviderservice:DiagnosticProviderService" xmi:id="DiagnosticProviderService_1183121908656" enable="true" startupStateCollectionSpec=".*:.*=0"/>
  <services xmi:type="loggingservice.ras:RASLoggingService" xmi:id="RASLoggingService_1183121908656" enable="true" messageFilterLevel="NONE" enableCorrelationId="true" suppressStackTraces="false">
    <serviceLog xmi:id="ServiceLog_1183121908656" name="${LOG_ROOT}/activity.log" size="2" enabled="false"/>
  </services>
  <services xmi:type="coregroupbridgeservice:CoreGroupBridgeService" xmi:id="CoreGroupBridgeService_1183121908656" enable="true"/>
  <services xmi:type="tperfviewer:TPVService" xmi:id="TPVService_1183121908656" enable="true"/>
  <services xmi:type="orb:ObjectRequestBroker" xmi:id="ObjectRequestBroker_1183121908656" enable="true" requestTimeout="180" requestRetriesCount="1" requestRetriesDelay="0" connectionCacheMaximum="240" connectionCacheMinimum="100" commTraceEnabled="false" locateRequestTimeout="180" forceTunnel="never" noLocalCopies="false" useServerThreadPool="false">
    <properties xmi:id="Property_1183121908658" name="com.ibm.CORBA.enableLocateRequest" value="true"/>
    <properties xmi:id="Property_1183121908659" name="com.ibm.ws.orb.transport.WSSSLServerSocketFactoryName" value="com.ibm.ws.security.orbssl.WSSSLServerSocketFactoryImpl"/>
    <properties xmi:id="Property_1183121908660" name="com.ibm.ws.orb.transport.WSSSLClientSocketFactoryName" value="com.ibm.ws.security.orbssl.WSSSLClientSocketFactoryImpl"/>
    <properties xmi:id="Property_1183121908661" name="com.ibm.CORBA.ConnectionInterceptorName" value="com.ibm.ISecurityLocalObjectBaseL13Impl.SecurityConnectionInterceptor"/>
    <properties xmi:id="Property_1183121908662" name="com.ibm.CORBA.RasManager" value="com.ibm.websphere.ras.WsOrbRasManager"/>
    <properties xmi:id="Property_1183121908663" name="com.ibm.ws.orb.transport.useMultiHome" value="true"/>
    <properties xmi:id="Property_1183121908664" name="com.ibm.websphere.management.registerServerIORWithLSD" value="true"/>
    <interceptors xmi:id="Interceptor_1183121908656" name="com.ibm.ejs.ras.RasContextSupport"/>
    <interceptors xmi:id="Interceptor_1183121908657" name="com.ibm.ws.runtime.workloadcontroller.OrbWorkloadRequestInterceptor"/>
    <interceptors xmi:id="Interceptor_1183121908658" name="com.ibm.ws.Transaction.JTS.TxInterceptorInitializer"/>
    <interceptors xmi:id="Interceptor_1183121908659" name="com.ibm.ISecurityLocalObjectBaseL13Impl.SecurityComponentFactory"/>
    <interceptors xmi:id="Interceptor_1183121908660" name="com.ibm.ISecurityLocalObjectBaseL13Impl.ServerRIWrapper"/>
    <interceptors xmi:id="Interceptor_1183121908661" name="com.ibm.ISecurityLocalObjectBaseL13Impl.ClientRIWrapper"/>
    <interceptors xmi:id="Interceptor_1183121908662" name="com.ibm.ISecurityLocalObjectBaseL13Impl.CSIClientRI"/>
    <interceptors xmi:id="Interceptor_1183121908663" name="com.ibm.ISecurityLocalObjectBaseL13Impl.CSIServerRI"/>
    <interceptors xmi:id="Interceptor_1183121908664" name="com.ibm.ws.wlm.client.WLMClientInitializer"/>
    <interceptors xmi:id="Interceptor_1183121908665" name="com.ibm.ws.wlm.server.WLMServerInitializer"/>
    <interceptors xmi:id="Interceptor_1183121908666" name="com.ibm.ws.activity.remote.cos.ActivityServiceServerInterceptor"/>
    <interceptors xmi:id="Interceptor_1183121908667" name="com.ibm.debug.DebugPortableInterceptor"/>
    <interceptors xmi:id="Interceptor_1183121908668" name="com.ibm.debug.olt.ivbtrjrt.OLT_RI"/>
    <plugins xmi:id="ORBPlugin_1183121908656" name="com.ibm.ws.orbimpl.transport.WSTransport"/>
    <plugins xmi:id="ORBPlugin_1183121908657" name="com.ibm.ISecurityUtilityImpl.SecurityPropertyManager"/>
    <plugins xmi:id="ORBPlugin_1183121908658" name="com.ibm.ws.orbimpl.WSORBPropertyManager"/>
    <plugins xmi:id="ORBPlugin_1183121908659" name="com.ibm.ws.wlm.client.WLMClient"/>
    <plugins xmi:id="ORBPlugin_1183121908660" name="com.ibm.ws.pmi.server.modules.OrbPerfModule"/>
    <plugins xmi:id="ORBPlugin_1183121908661" name="com.ibm.ws.csi.CORBAORBMethodAccessControl"/>
    <threadPool xmi:id="ThreadPool_1183121908656" minimumSize="10" maximumSize="50" inactivityTimeout="3500" isGrowable="false" name="ORB.thread.pool"/>
  </services>
  <services xmi:type="channelservice:TransportChannelService" xmi:id="TransportChannelService_1183121908656" enable="true">
    <transportChannels xmi:type="channelservice.channels:TCPInboundChannel" xmi:id="TCPInboundChannel_1183121908656" name="TCP_1" endPointName="WC_adminhost" maxOpenConnections="20000" inactivityTimeout="60" threadPool="ThreadPool_1183121908657"/>
    <transportChannels xmi:type="channelservice.channels:TCPInboundChannel" xmi:id="TCPInboundChannel_1183121908657" name="TCP_2" endPointName="WC_defaulthost" maxOpenConnections="20000" inactivityTimeout="60" threadPool="ThreadPool_1183121908657"/>
    <transportChannels xmi:type="channelservice.channels:TCPInboundChannel" xmi:id="TCPInboundChannel_1183121908658" name="TCP_3" endPointName="WC_adminhost_secure" maxOpenConnections="20000" inactivityTimeout="60" threadPool="ThreadPool_1183121908657"/>
    <transportChannels xmi:type="channelservice.channels:TCPInboundChannel" xmi:id="TCPInboundChannel_1183121908659" name="TCP_4" endPointName="WC_defaulthost_secure" maxOpenConnections="20000" inactivityTimeout="60" threadPool="ThreadPool_1183121908657"/>
    <transportChannels xmi:type="channelservice.channels:TCPInboundChannel" xmi:id="TCPInboundChannel_1183121908660" name="TCP_5" endPointName="DCS_UNICAST_ADDRESS" maxOpenConnections="20000" inactivityTimeout="60" threadPool="ThreadPool_1183121908658"/>
    <transportChannels xmi:type="channelservice.channels:TCPInboundChannel" xmi:id="TCPInboundChannel_1183121908661" name="TCP_8" discriminationWeight="0" endPointName="SIP_DEFAULTHOST" maxOpenConnections="20000" inactivityTimeout="60"/>
    <transportChannels xmi:type="channelservice.channels:TCPInboundChannel" xmi:id="TCPInboundChannel_1183121908662" name="TCP_9" discriminationWeight="0" endPointName="SIP_DEFAULTHOST_SECURE" maxOpenConnections="20000" inactivityTimeout="60"/>
    <transportChannels xmi:type="channelservice.channels:SSLInboundChannel" xmi:id="SSLInboundChannel_1183121908656" name="SSL_1" discriminationWeight="1" sslConfigAlias="AppServer01Node/DefaultSSLSettings"/>
    <transportChannels xmi:type="channelservice.channels:SSLInboundChannel" xmi:id="SSLInboundChannel_1183121908657" name="SSL_2" discriminationWeight="1" sslConfigAlias="AppServer01Node/DefaultSSLSettings"/>
    <transportChannels xmi:type="channelservice.channels:SSLInboundChannel" xmi:id="SSLInboundChannel_1183121908658" name="SSL_3" discriminationWeight="2" sslConfigAlias="AppServer01Node/DefaultSSLSettings"/>
    <transportChannels xmi:type="channelservice.channels:SSLInboundChannel" xmi:id="SSLInboundChannel_1183121908659" name="SSL_5" discriminationWeight="1"/>
    <transportChannels xmi:type="channelservice.channels:HTTPInboundChannel" xmi:id="HTTPInboundChannel_1183121908656" name="HTTP_1" discriminationWeight="10" maximumPersistentRequests="100" keepAlive="true" readTimeout="60" writeTimeout="60" persistentTimeout="30" enableLogging="false"/>
    <transportChannels xmi:type="channelservice.channels:HTTPInboundChannel" xmi:id="HTTPInboundChannel_1183121908657" name="HTTP_2" discriminationWeight="1" maximumPersistentRequests="100" keepAlive="true" readTimeout="60" writeTimeout="60" persistentTimeout="30" enableLogging="false"/>
    <transportChannels xmi:type="channelservice.channels:HTTPInboundChannel" xmi:id="HTTPInboundChannel_1183121908658" name="HTTP_3" discriminationWeight="10" maximumPersistentRequests="100" keepAlive="true" readTimeout="60" writeTimeout="60" persistentTimeout="30" enableLogging="false"/>
    <transportChannels xmi:type="channelservice.channels:HTTPInboundChannel" xmi:id="HTTPInboundChannel_1183121908659" name="HTTP_4" discriminationWeight="10" maximumPersistentRequests="100" keepAlive="true" readTimeout="60" writeTimeout="60" persistentTimeout="30" enableLogging="false"/>
    <transportChannels xmi:type="channelservice.channels:HTTPQueueInboundChannel" xmi:id="HTTPQueueInboundChannel_1183121908656" name="HTTPQ_1" discriminationWeight="1"/>
    <transportChannels xmi:type="channelservice.channels:HTTPQueueInboundChannel" xmi:id="HTTPQueueInboundChannel_1183121908657" name="HTTPQ_2" discriminationWeight="1"/>
    <transportChannels xmi:type="channelservice.channels:WebContainerInboundChannel" xmi:id="WebContainerInboundChannel_1183121908656" name="WCC_1" discriminationWeight="10" writeBufferSize="32768"/>
    <transportChannels xmi:type="channelservice.channels:WebContainerInboundChannel" xmi:id="WebContainerInboundChannel_1183121908657" name="WCC_2" discriminationWeight="10" writeBufferSize="32768"/>
    <transportChannels xmi:type="channelservice.channels:WebContainerInboundChannel" xmi:id="WebContainerInboundChannel_1183121908658" name="WCC_3" discriminationWeight="10" writeBufferSize="32768"/>
    <transportChannels xmi:type="channelservice.channels:WebContainerInboundChannel" xmi:id="WebContainerInboundChannel_1183121908659" name="WCC_4" discriminationWeight="10" writeBufferSize="32768"/>
    <transportChannels xmi:type="channelservice.channels:WebContainerInboundChannel" xmi:id="WebContainerInboundChannel_1183121908660" name="WCC_5" discriminationWeight="10" writeBufferSize="32768"/>
    <transportChannels xmi:type="channelservice.channels:WebContainerInboundChannel" xmi:id="WebContainerInboundChannel_1183121908661" name="WCC_6" discriminationWeight="10" writeBufferSize="32768"/>
    <transportChannels xmi:type="channelservice.channels:DCSInboundChannel" xmi:id="DCSInboundChannel_1183121908656" name="DCS_1" discriminationWeight="1"/>
    <transportChannels xmi:type="channelservice.channels:DCSInboundChannel" xmi:id="DCSInboundChannel_1183121908657" name="DCS_2" discriminationWeight="1"/>
    <transportChannels xmi:type="channelservice.channels:SIPInboundChannel" xmi:id="SIPInboundChannel_1183121908656" name="SIP_1" discriminationWeight="10"/>
    <transportChannels xmi:type="channelservice.channels:SIPInboundChannel" xmi:id="SIPInboundChannel_1183121908657" name="SIP_2" discriminationWeight="10"/>
    <transportChannels xmi:type="channelservice.channels:SIPInboundChannel" xmi:id="SIPInboundChannel_1183121908658" name="SIP_3" discriminationWeight="10"/>
    <transportChannels xmi:type="channelservice.channels:SIPContainerInboundChannel" xmi:id="SIPContainerInboundChannel_1183121908656" name="SIPCC_1" discriminationWeight="100"/>
    <transportChannels xmi:type="channelservice.channels:SIPContainerInboundChannel" xmi:id="SIPContainerInboundChannel_1183121908657" name="SIPCC_2" discriminationWeight="100"/>
    <transportChannels xmi:type="channelservice.channels:SIPContainerInboundChannel" xmi:id="SIPContainerInboundChannel_1183121908658" name="SIPCC_3" discriminationWeight="100"/>
    <transportChannels xmi:type="channelservice.channels:UDPInboundChannel" xmi:id="UDPInboundChannel_1183121908656" name="UDP_1" discriminationWeight="0" endPointName="SIP_DEFAULTHOST"/>
    <transportChannels xmi:type="channelservice.channels:TCPInboundChannel" xmi:id="TCPInboundChannel_1183121908663" name="SIB_TCP_JFAP" endPointName="SIB_ENDPOINT_ADDRESS" threadPool="ThreadPool_1183121908659"/>
    <transportChannels xmi:type="channelservice.channels:TCPInboundChannel" xmi:id="TCPInboundChannel_1183121908664" name="SIB_TCP_JFAP_SSL" endPointName="SIB_ENDPOINT_SECURE_ADDRESS" threadPool="ThreadPool_1183121908659"/>
    <transportChannels xmi:type="channelservice.channels:TCPInboundChannel" xmi:id="TCPInboundChannel_1183121908665" name="SIB_TCP_MQFAP" endPointName="SIB_MQ_ENDPOINT_ADDRESS" threadPool="ThreadPool_1183121908659"/>
    <transportChannels xmi:type="channelservice.channels:TCPInboundChannel" xmi:id="TCPInboundChannel_1183121908666" name="SIB_TCP_MQFAP_SSL" endPointName="SIB_MQ_ENDPOINT_SECURE_ADDRESS" threadPool="ThreadPool_1183121908659"/>
    <transportChannels xmi:type="channelservice.channels:SSLInboundChannel" xmi:id="SSLInboundChannel_1183121908660" name="SIB_SSL_JFAP" discriminationWeight="1"/>
    <transportChannels xmi:type="channelservice.channels:SSLInboundChannel" xmi:id="SSLInboundChannel_1183121908661" name="SIB_SSL_MQFAP" discriminationWeight="1"/>
    <transportChannels xmi:type="channelservice.channels:JFAPInboundChannel" xmi:id="JFAPInboundChannel_1183121908656" name="SIB_JFAP" discriminationWeight="1"/>
    <transportChannels xmi:type="channelservice.channels:JFAPInboundChannel" xmi:id="JFAPInboundChannel_1183121908657" name="SIB_JFAP_SSL" discriminationWeight="1"/>
    <transportChannels xmi:type="channelservice.channels:MQFAPInboundChannel" xmi:id="MQFAPInboundChannel_1183121908656" name="SIB_MQFAP" discriminationWeight="1"/>
    <transportChannels xmi:type="channelservice.channels:MQFAPInboundChannel" xmi:id="MQFAPInboundChannel_1183121908657" name="SIB_MQFAP_SSL" discriminationWeight="1"/>
    <transportChannels xmi:type="channelservice.channels:TCPOutboundChannel" xmi:id="TCPOutboundChannel_1183121908656" name="SIB_TCP_JFAP_OUT" inactivityTimeout="60" threadPool="ThreadPool_1183121908660"/>
    <transportChannels xmi:type="channelservice.channels:TCPOutboundChannel" xmi:id="TCPOutboundChannel_1183121908657" name="SIB_TCP_JFAP_SSL_OUT" inactivityTimeout="60" threadPool="ThreadPool_1183121908660"/>
    <transportChannels xmi:type="channelservice.channels:TCPOutboundChannel" xmi:id="TCPOutboundChannel_1183121908658" name="SIB_TCP_JFAP_TUN_OUT" inactivityTimeout="60" threadPool="ThreadPool_1183121908660"/>
    <transportChannels xmi:type="channelservice.channels:TCPOutboundChannel" xmi:id="TCPOutboundChannel_1183121908659" name="SIB_TCP_JFAP_TUN_SSL_OUT" inactivityTimeout="60" threadPool="ThreadPool_1183121908660"/>
    <transportChannels xmi:type="channelservice.channels:TCPOutboundChannel" xmi:id="TCPOutboundChannel_1183121908660" name="SIB_TCP_MQFAP_OUT" inactivityTimeout="60" threadPool="ThreadPool_1183121908660"/>
    <transportChannels xmi:type="channelservice.channels:TCPOutboundChannel" xmi:id="TCPOutboundChannel_1183121908661" name="SIB_TCP_MQFAP_SSL_OUT" inactivityTimeout="60" threadPool="ThreadPool_1183121908660"/>
    <transportChannels xmi:type="channelservice.channels:SSLOutboundChannel" xmi:id="SSLOutboundChannel_1183121908656" name="SIB_SSL_MQFAP_SSL_OUT"/>
    <transportChannels xmi:type="channelservice.channels:SSLOutboundChannel" xmi:id="SSLOutboundChannel_1183121908657" name="SIB_SSL_JFAP_SSL_OUT"/>
    <transportChannels xmi:type="channelservice.channels:SSLOutboundChannel" xmi:id="SSLOutboundChannel_1183121908658" name="SIB_SSL_JFAP_TUN_SSL_OUT"/>
    <transportChannels xmi:type="channelservice.channels:HTTPOutboundChannel" xmi:id="HTTPOutboundChannel_1183121908656" name="SIB_HTTP_JFAP_TUN_OUT"/>
    <transportChannels xmi:type="channelservice.channels:HTTPOutboundChannel" xmi:id="HTTPOutboundChannel_1183121908657" name="SIB_HTTP_JFAP_TUN_SSL_OUT"/>
    <transportChannels xmi:type="channelservice.channels:HTTPTunnelOutboundChannel" xmi:id="HTTPTunnelOutboundChannel_1183121908656" name="SIB_HTC_JFAP_TUN_OUT"/>
    <transportChannels xmi:type="channelservice.channels:HTTPTunnelOutboundChannel" xmi:id="HTTPTunnelOutboundChannel_1183121908657" name="SIB_HTC_JFAP_TUN_SSL_OUT"/>
    <transportChannels xmi:type="channelservice.channels:JFAPOutboundChannel" xmi:id="JFAPOutboundChannel_1183121908656" name="SIB_JFAP_JFAP_OUT"/>
    <transportChannels xmi:type="channelservice.channels:JFAPOutboundChannel" xmi:id="JFAPOutboundChannel_1183121908657" name="SIB_JFAP_JFAP_SSL_OUT"/>
    <transportChannels xmi:type="channelservice.channels:JFAPOutboundChannel" xmi:id="JFAPOutboundChannel_1183121908658" name="SIB_JFAP_JFAP_TUN_OUT"/>
    <transportChannels xmi:type="channelservice.channels:JFAPOutboundChannel" xmi:id="JFAPOutboundChannel_1183121908659" name="SIB_JFAP_JFAP_TUN_SSL_OUT"/>
    <transportChannels xmi:type="channelservice.channels:MQFAPOutboundChannel" xmi:id="MQFAPOutboundChannel_1183121908656" name="SIB_MQFAP_MQFAP_SSL_OUT"/>
    <transportChannels xmi:type="channelservice.channels:MQFAPOutboundChannel" xmi:id="MQFAPOutboundChannel_1183121908657" name="SIB_MQFAP_MQFAP_OUT"/>
    <transportChannels xmi:type="channelservice.channels:TCPOutboundChannel" xmi:id="TCPOutboundChannel_1183121908662" name="SIB_TCP_RMQ_OUT" threadPool="ThreadPool_1183121908660"/>
    <transportChannels xmi:type="channelservice.channels:TCPOutboundChannel" xmi:id="TCPOutboundChannel_1183121908663" name="SIB_TCP_RMQ_SSL_OUT" threadPool="ThreadPool_1183121908660"/>
    <transportChannels xmi:type="channelservice.channels:SSLOutboundChannel" xmi:id="SSLOutboundChannel_1183121908659" name="SIB_SSL_RMQ_SSL_OUT"/>
    <transportChannels xmi:type="sibresources:RMQOutboundChannel" xmi:id="RMQOutboundChannel_1183121908656" name="SIB_RMQ_RMQ_SSL_OUT"/>
    <transportChannels xmi:type="sibresources:RMQOutboundChannel" xmi:id="RMQOutboundChannel_1183121908657" name="SIB_RMQ_RMQ_OUT"/>
    <chains xmi:id="Chain_1183121908656" name="WCInboundAdmin" enable="true" transportChannels="TCPInboundChannel_1183121908656 HTTPInboundChannel_1183121908656 WebContainerInboundChannel_1183121908656"/>
    <chains xmi:id="Chain_1183121908657" name="WCInboundDefault" enable="true" transportChannels="TCPInboundChannel_1183121908657 HTTPInboundChannel_1183121908657 WebContainerInboundChannel_1183121908657"/>
    <chains xmi:id="Chain_1183121908658" name="WCInboundAdminSecure" enable="true" transportChannels="TCPInboundChannel_1183121908658 SSLInboundChannel_1183121908656 HTTPInboundChannel_1183121908658 WebContainerInboundChannel_1183121908658"/>
    <chains xmi:id="Chain_1183121908659" name="WCInboundDefaultSecure" enable="true" transportChannels="TCPInboundChannel_1183121908659 SSLInboundChannel_1183121908657 HTTPInboundChannel_1183121908659 WebContainerInboundChannel_1183121908659"/>
    <chains xmi:id="Chain_1183121908660" name="HttpQueueInboundDefault" enable="true" transportChannels="TCPInboundChannel_1183121908657 HTTPInboundChannel_1183121908657 HTTPQueueInboundChannel_1183121908656 WebContainerInboundChannel_1183121908660"/>
    <chains xmi:id="Chain_1183121908661" name="HttpQueueInboundDefaultSecure" enable="true" transportChannels="TCPInboundChannel_1183121908659 SSLInboundChannel_1183121908658 HTTPInboundChannel_1183121908659 HTTPQueueInboundChannel_1183121908657 WebContainerInboundChannel_1183121908661"/>
    <chains xmi:id="Chain_1183121908662" name="DCS" enable="true" transportChannels="TCPInboundChannel_1183121908660 DCSInboundChannel_1183121908656"/>
    <chains xmi:id="Chain_1183121908663" name="DCS-Secure" enable="true" transportChannels="TCPInboundChannel_1183121908660 SSLInboundChannel_1183121908658 DCSInboundChannel_1183121908657"/>
    <chains xmi:id="Chain_1183121908664" name="SIPCInboundDefault" enable="true" transportChannels="TCPInboundChannel_1183121908661 SIPInboundChannel_1183121908656 SIPContainerInboundChannel_1183121908656"/>
    <chains xmi:id="Chain_1183121908665" name="SIPCInboundDefaultSecure" enable="true" transportChannels="TCPInboundChannel_1183121908662 SSLInboundChannel_1183121908659 SIPInboundChannel_1183121908657 SIPContainerInboundChannel_1183121908657"/>
    <chains xmi:id="Chain_1183121908666" name="SIPCInboundDefaultUDP" enable="true" transportChannels="UDPInboundChannel_1183121908656 SIPInboundChannel_1183121908658 SIPContainerInboundChannel_1183121908658"/>
    <chains xmi:id="Chain_1183121908667" name="InboundBasicMessaging" enable="true" transportChannels="TCPInboundChannel_1183121908663 JFAPInboundChannel_1183121908656"/>
    <chains xmi:id="Chain_1183121908668" name="InboundSecureMessaging" enable="true" transportChannels="TCPInboundChannel_1183121908664 SSLInboundChannel_1183121908660 JFAPInboundChannel_1183121908657"/>
    <chains xmi:id="Chain_1183121908669" name="InboundBasicMQLink" enable="true" transportChannels="TCPInboundChannel_1183121908665 MQFAPInboundChannel_1183121908656"/>
    <chains xmi:id="Chain_1183121908670" name="InboundSecureMQLink" enable="true" transportChannels="TCPInboundChannel_1183121908666 SSLInboundChannel_1183121908661 MQFAPInboundChannel_1183121908657"/>
    <chains xmi:id="Chain_1183121908671" name="BootstrapBasicMessaging" transportChannels="JFAPOutboundChannel_1183121908656 TCPOutboundChannel_1183121908656"/>
    <chains xmi:id="Chain_1183121908672" name="BootstrapSecureMessaging" transportChannels="JFAPOutboundChannel_1183121908657 SSLOutboundChannel_1183121908657 TCPOutboundChannel_1183121908657"/>
    <chains xmi:id="Chain_1183121908673" name="BootstrapTunneledMessaging" transportChannels="JFAPOutboundChannel_1183121908658 HTTPTunnelOutboundChannel_1183121908656 HTTPOutboundChannel_1183121908656 TCPOutboundChannel_1183121908658"/>
    <chains xmi:id="Chain_1183121908674" name="BootstrapTunneledSecureMessaging" transportChannels="JFAPOutboundChannel_1183121908659 HTTPTunnelOutboundChannel_1183121908657 HTTPOutboundChannel_1183121908657 SSLOutboundChannel_1183121908658 TCPOutboundChannel_1183121908659"/>
    <chains xmi:id="Chain_1183121908675" name="OutboundBasicMQLink" transportChannels="MQFAPOutboundChannel_1183121908657 TCPOutboundChannel_1183121908660"/>
    <chains xmi:id="Chain_1183121908676" name="OutboundSecureMQLink" transportChannels="MQFAPOutboundChannel_1183121908656 SSLOutboundChannel_1183121908656 TCPOutboundChannel_1183121908661"/>
    <chains xmi:id="Chain_1183121908677" name="OutboundBasicWMQClient" transportChannels="RMQOutboundChannel_1183121908657 TCPOutboundChannel_1183121908662"/>
    <chains xmi:id="Chain_1183121908678" name="OutboundSecureWMQClient" transportChannels="RMQOutboundChannel_1183121908656 SSLOutboundChannel_1183121908659 TCPOutboundChannel_1183121908663"/>
  </services>
  <services xmi:type="threadpoolmanager:ThreadPoolManager" xmi:id="ThreadPoolManager_1183121908656" enable="true">
    <threadPools xmi:id="ThreadPool_1183121908661" minimumSize="10" maximumSize="50" inactivityTimeout="3500" isGrowable="false" name="ORB.thread.pool"/>
    <threadPools xmi:id="ThreadPool_1183121908662" minimumSize="1" maximumSize="3" inactivityTimeout="30000" isGrowable="false" name="server.startup" description="This pool is used by WebSphere during server startup."/>
    <threadPools xmi:id="ThreadPool_1183121908658" minimumSize="20" maximumSize="20" name="Default"/>
    <threadPools xmi:id="ThreadPool_1183121908657" minimumSize="50" maximumSize="50" inactivityTimeout="60000" isGrowable="false" name="WebContainer"/>
    <threadPools xmi:id="ThreadPool_1183121908659" minimumSize="4" maximumSize="50" name="SIBFAPInboundThreadPool" description="Service integration bus FAP inbound channel thread pool"/>
    <threadPools xmi:id="ThreadPool_1183121908660" minimumSize="4" maximumSize="50" name="SIBFAPThreadPool" description="Service integration bus FAP outbound channel thread pool"/>
    <threadPools xmi:id="ThreadPool_1425241376999" minimumSize="35" maximumSize="41" inactivityTimeout="3500" name="SIBJMSRAThreadPool" description="Service Integration Bus JMS Resource Adapter thread pool"/>
    <threadPools xmi:id="ThreadPool_1425241377089" minimumSize="1" maximumSize="40" name="WMQCommonServices" description="WebSphere MQ common services thread pool">
      <customProperties xmi:id="Property_1425241377094" name="com.ibm.websphere.threadpool.disableHungThreadDetection" value="true" required="false"/>
    </threadPools>
    <threadPools xmi:id="ThreadPool_1425241377098" minimumSize="5" maximumSize="25" name="WMQJCAResourceAdapter" description="wmqJcaRaThreadPoolDescription"/>
  </services>
  <services xmi:type="loggingservice.http:HTTPAccessLoggingService" xmi:id="HTTPAccessLoggingService_1183121908656" enable="false" enableErrorLogging="true" enableAccessLogging="true">
    <errorLog xmi:id="LogFile_1183121908656" filePath="${SERVER_LOG_ROOT}/http_error.log" maximumSize="500"/>
    <accessLog xmi:id="LogFile_1183121908657" filePath="${SERVER_LOG_ROOT}/http_access.log" maximumSize="500"/>
  </services>
  <errorStreamRedirect xmi:id="StreamRedirect_1183121908656" fileName="${SERVER_LOG_ROOT}/SystemErr.log" rolloverType="SIZE" maxNumberOfBackupFiles="1" rolloverSize="1" baseHour="24" rolloverPeriod="24" formatWrites="true" messageFormatKind="BASIC" suppressWrites="false" suppressStackTrace="false"/>
  <outputStreamRedirect xmi:id="StreamRedirect_1183121908657" fileName="${SERVER_LOG_ROOT}/SystemOut.log" rolloverType="SIZE" maxNumberOfBackupFiles="1" rolloverSize="1" baseHour="24" rolloverPeriod="24" formatWrites="true" messageFormatKind="BASIC" suppressWrites="false" suppressStackTrace="false"/>
  <components xmi:type="namingserver:NameServer" xmi:id="NameServer_1183121908656">
    <stateManagement xmi:id="StateManageable_1183121908657" initialState="START"/>
  </components>
  <components xmi:type="applicationserver:ApplicationServer" xmi:id="ApplicationServer_1183121908656" applicationClassLoaderPolicy="MULTIPLE">
    <stateManagement xmi:id="StateManageable_1183121908658" initialState="START"/>
    <services xmi:type="applicationserver:TransactionService" xmi:id="TransactionService_1183121908656" enable="true" totalTranLifetimeTimeout="120" clientInactivityTimeout="60" httpProxyPrefix="" httpsProxyPrefix=""/>
    <services xmi:type="applicationserver:DynamicCache" xmi:id="DynamicCache_1183121908656" enable="true">
      <cacheGroups xmi:id="ExternalCacheGroup_1183121908656" name="EsiInvalidator">
        <members xmi:id="ExternalCacheGroupMember_1183121908656" address="localhost" adapterBeanName="com.ibm.websphere.servlet.cache.ESIInvalidatorServlet"/>
      </cacheGroups>
    </services>
    <components xmi:type="applicationserver.webcontainer:WebContainer" xmi:id="WebContainer_1183121908656" enableServletCaching="false" disablePooling="false">
      <stateManagement xmi:id="StateManageable_1183121908659" initialState="START"/>
      <services xmi:type="applicationserver.webcontainer:SessionManager" xmi:id="SessionManager_1183121908656" enable="true" enableUrlRewriting="false" enableCookies="true" enableSSLTracking="false" enableProtocolSwitchRewriting="false" sessionPersistenceMode="NONE" enableSecurityIntegration="false" allowSerializedSessionAccess="false" maxWaitTime="5" accessSessionOnTimeout="true">
        <defaultCookieSettings xmi:id="Cookie_1183121908656" domain="" maximumAge="-1" secure="false"/>
        <sessionDatabasePersistence xmi:id="SessionDatabasePersistence_1183121908656" datasourceJNDIName="jdbc/Sessions" userId="db2admin" password="{xor}Oz1tPjsyNjE=" db2RowSize="ROW_SIZE_4KB" tableSpaceName=""/>
        <tuningParams xmi:id="TuningParams_1183121908656" usingMultiRowSchema="false" maxInMemorySessionCount="1000" allowOverflow="true" scheduleInvalidation="false" writeFrequency="TIME_BASED_WRITE" writeInterval="10" writeContents="ONLY_UPDATED_ATTRIBUTES" invalidationTimeout="30">
          <invalidationSchedule xmi:id="InvalidationSchedule_1183121908656" firstHour="14" secondHour="2"/>
        </tuningParams>
      </services>
    </components>
    <components xmi:type="applicationserver.ejbcontainer:EJBContainer" xmi:id="EJBContainer_1183121908656" passivationDirectory="${USER_INSTALL_ROOT}/temp" inactivePoolCleanupInterval="30000">
      <stateManagement xmi:id="StateManageable_1183121908660" initialState="START"/>
      <services xmi:type="applicationserver.ejbcontainer.messagelistener:MessageListenerService" xmi:id="MessageListenerService_1183121908656">
        <threadPool xmi:id="ThreadPool_1183121908663" minimumSize="10" maximumSize="50" inactivityTimeout="3500" isGrowable="false" name="Message.Listener.Pool"/>
      </services>
      <cacheSettings xmi:id="EJBCache_1183121908656" cleanupInterval="3000" cacheSize="2053"/>
      <timerSettings xmi:id="EJBTimer_1183121908656" datasourceJNDIName="jdbc/DefaultEJBTimerDataSource" tablePrefix="EJBTIMER_" pollInterval="300" numAlarmThreads="1"/>
    </components>
    <components xmi:type="portletcontainer:PortletContainer" xmi:id="PortletContainer_1183121908656"/>
    <components xmi:type="applicationserver.sipcontainer:SIPContainer" xmi:id="SIPContainer_1183121908656" name="" maxAppSessions="120000" maxMessageRate="5000" maxDispatchQueueSize="3200" maxResponseTime="0" statAveragePeriod="1000" statUpdateRange="10000">
      <stack xmi:id="Stack_1183121908656">
        <timers xmi:id="Timers_1183121908656"/>
      </stack>
    </components>
    <webserverPluginSettings xmi:id="WebserverPluginSettings_1183121908656" WaitForContinue="false" ConnectTimeout="0" MaxConnections="-1" ExtendedHandshake="false"/>
  </components>
  <processDefinitions xmi:type="processexec:JavaProcessDef" xmi:id="JavaProcessDef_1183121908656" workingDirectory="${USER_INSTALL_ROOT}" executableTargetKind="JAVA_CLASS" executableTarget="com.ibm.ws.runtime.WsServer">
    <execution xmi:id="ProcessExecution_1183121908656" processPriority="20" runAsUser="" runAsGroup=""/>
    <ioRedirect xmi:id="OutputRedirect_1183121908656" stdoutFilename="${SERVER_LOG_ROOT}/native_stdout.log" stderrFilename="${SERVER_LOG_ROOT}/native_stderr.log"/>
    <monitoringPolicy xmi:id="MonitoringPolicy_1183121908656" maximumStartupAttempts="3" pingInterval="60" pingTimeout="300" autoRestart="true" nodeRestartState="STOPPED"/>
    <jvmEntries xmi:id="JavaVirtualMachine_1183121908656" verboseModeClass="false" verboseModeGarbageCollection="false" verboseModeJNI="false" runHProf="false" debugMode="false" debugArgs="-agentlib:jdwp=transport=dt_socket,server=y,suspend=n,address=7777" genericJvmArguments="-Xquickstart" disableJIT="false">
      <systemProperties xmi:id="Property_1" name="com.ibm.security.jgss.debug" value="off" required="false"/>
      <systemProperties xmi:id="Property_2" name="com.ibm.security.krb5.Krb5Debug" value="off" required="false"/>
      <systemProperties xmi:id="Property_1425241470546" name="TestProperty" value="TestValue" description="Sample custom property to test that server profile restoration is working as expected" required="false"/>
    </jvmEntries>
  </processDefinitions>
</process:Server>
